,10,16,18,21,27,34,35,102,131,193,194,195,197,198,199,200,201,202,203,204,205,206,207,208,209,314,315,317,319,388,499,606,608,614,642,644,670,1748,1750,1754,1758
0,0.030323096123346282,0.07942523060345683,0.05103177699845034,0.046259872815073086,0.07674923601267064,0.13273200988767941,0.014062680717101525,0.04437216070463785,0.02233757543474293,0.13038403610678292,0.07506507738209063,0.08963336027050328,0.060225084420126744,0.10432250250755973,0.2025443004277921,0.0858000549876294,0.12950494513687225,0.24535463370788108,0.2648673983671891,0.47542508017345403,0.22146456105413037,0.17523200443303985,0.18159949164862368,0.23017951376341397,0.19506314565643706,0.2730588254094907,0.22349855466710325,0.3216193752312308,0.5350012676168518,0.09454679092298195,0.13365238140532482,0.26476446829178746,0.14618916224651207,0.3308533191274621,0.1550105993791205,0.0752951590064467,0.03994058337793833,0.24728126262373698,0.16897628978602017,0.2539042921616442,0.04207490583975705
1,0.041667473822322124,0.09131516396707977,0.06672530668848786,0.08416091463199188,0.10984098565616286,0.24289928652935866,0.02046700160381454,0.0908826816756757,0.048349512076513494,0.1507680836996006,0.09215787508234749,0.11589803214119188,0.0920996953644674,0.08840516348462749,0.2575396243096107,0.10795423285170229,0.1913924235285062,0.2747760164214165,0.5251964352924257,0.5433418317129887,0.2549665665155167,0.2328653365014219,0.2743545882582537,0.29938350451368445,0.31728062975982735,0.4990365537611719,0.3541748613706413,0.453690136754779,0.7657448992571433,0.13274207996310766,0.25435774109795695,0.5159695536846131,0.2602987753832296,0.5293824163764009,0.24688774507163855,0.1237084872612364,0.0916016522463765,0.4364320663690905,0.31757221766597954,0.47208932498089734,0.06847291334147756
2,0.061502262464996536,0.20070537664815394,0.09661339069406502,0.10620616847963488,0.13672273879418853,0.2985856147385252,0.021467198857853195,0.09781120945947792,0.05464844724550881,0.17032870427383667,0.15148681530254426,0.19627205056037458,0.07914685458182141,0.07493545552139365,0.1936664689694802,0.23027859108068077,0.23600876122769962,0.18915698789745505,0.4141691233978439,0.689754471346449,0.28035041725630994,0.18240512704928363,0.4953510914146997,0.3939722307419853,0.26960729524487437,0.6019761423130959,0.3424126618484436,0.4863151879887486,0.7046576906037098,0.1619899787784528,0.24159014649194885,0.4789464360502711,0.1766532294231263,0.7527592891167053,0.3999820878680852,0.1390127779324156,0.10552676233615362,0.5117307672701626,0.33740869728215583,0.36472048423692177,0.10901457917238025
3,0.05996691456322405,0.26695668533594324,0.11093800702917768,0.10749694863577954,0.1322163746781309,0.17837287645916647,0.026904970073373106,0.115794304222403,0.04367906003504027,0.19271088337041262,0.15918687280003357,0.18103066421060096,0.0534687281770245,0.10292106019490983,0.238591649710471,0.18719155087703512,0.2080893001094015,0.2796142225320549,0.3681670590249394,0.5876245498369623,0.4727517818805135,0.19508930410658343,0.23651967877444666,0.2967322991691763,0.20973663868095735,0.29056014594306107,0.5376823074000395,0.5498982868508142,0.9457744388054886,0.16573262439691466,0.3042888805077322,0.6183935519436108,0.23302314921951467,0.7582968907550307,0.5497120064609675,0.13245382740156658,0.1278370192982976,0.5993082821603896,0.6869099748250116,0.6240326919436263,0.1121988285955088
4,0.06088539841610251,0.2070332971787748,0.11652873942536142,0.07651693112784573,0.19335064471790808,0.1835070032626983,0.035438509303366394,0.06974852923028374,0.04784743521285521,0.1517632439813114,0.12755841293597447,0.1786270650284279,0.03601527809883745,0.0643233839398776,0.3773058888117803,0.17628146097354921,0.17148367507796236,0.34524577345634566,0.39274956218090457,0.7016843543112412,0.4787204132056337,0.2818411805161548,0.2839571816904526,0.326209081177985,0.1801109437245838,0.25008812396213514,0.2870837436899536,0.5735716878399911,1.089347543427254,0.24523518573797334,0.22029938587016037,0.40758550841269947,0.20346256741198232,0.7273928945472289,0.35867353562046794,0.09375674213059022,0.12847325303657808,0.8007015406178424,0.585908908364653,0.7427801376738012,0.1467727431997116
5,0.0933233854744809,0.18023442328082465,0.07578353132555685,0.10280466043143038,0.23054305415075738,0.19240910834761885,0.033033175389214166,0.08195979162086767,0.05878192247970311,0.12199564754589853,0.09922732063915655,0.14566929217372554,0.05195019984828542,0.08803024592493376,0.45531375852002126,0.13208312553505885,0.14897104163488067,0.3714792047294108,0.4143230091935246,0.8001115646005255,0.44340427699874946,0.3244943399258098,0.28337364386373187,0.3294484615465886,0.15559481465619135,0.315482707003149,0.22674703997733187,0.67766046993504,0.644743100005713,0.26695304484920884,0.2037208688490492,0.2569702933711805,0.22560050554684855,0.8745790261348635,0.33767587830033036,0.13653058732322076,0.11807002956259316,0.6438434252048314,0.4457452881316156,0.651437212945064,0.12734341145683112
6,0.08615996117247202,0.20959197028065019,0.07215026110416387,0.1071690398819611,0.23096643614511267,0.22598841544006254,0.03876051142999104,0.08444183725684155,0.053082343951475416,0.11780752284330925,0.08261420556131001,0.14074009499179252,0.03387716385003518,0.09197724907521936,0.5407233479651815,0.1573263835581699,0.14638845044720172,0.3913234922395527,0.39948605538741033,0.7287504953945116,0.3807820956852528,0.32606310209772565,0.2459385235030433,0.350448121648945,0.17191688541448444,0.23947856297495837,0.19083423545529543,0.37454397924802935,0.7715398249275727,0.2365086066751109,0.20440471208069175,0.23754782036095692,0.20258278367589855,1.049995309927612,0.22373158083380665,0.12440510390632971,0.10394208057723284,0.9711313015682492,0.39972421981576145,0.6176631063215965,0.09514567856520478
7,0.08342443715947542,0.19467231618598083,0.056817366388996274,0.13322158417469052,0.2489015948642653,0.24304377117502676,0.049339534712347886,0.0991838985532895,0.04198117560356279,0.0986768827268188,0.06769635968627911,0.14036819569843745,0.026365700086917677,0.09761560059844254,0.5575402748918393,0.1356572633416075,0.15483911453672172,0.3790382246737119,0.3494038648041224,0.6238244757433116,0.29953837716683374,0.29200382464565805,0.23416411912646556,0.3989714547231499,0.13460042118246243,0.16738597866980576,0.1544925244250983,0.28002803699179263,0.6429943018827359,0.2656610787531687,0.19576296899017828,0.2436705453992576,0.16545111004462165,0.9898222929089705,0.26111852607619884,0.12182660045866289,0.09835316558386512,0.9260551732253345,0.24601107606014855,0.49670252291622113,0.06864330011109758
8,0.10812246714333532,0.13633809447689302,0.06954415123586485,0.12099851534656324,0.221119866275882,0.2384333123863173,0.04324195985473601,0.09317642425093589,0.04853012955865919,0.0997226378136787,0.048257848273759535,0.11629463797162211,0.023280916445668157,0.09590705903120877,0.470913459392004,0.11153022680451197,0.14403471877229304,0.31806399378591105,0.32020550907314455,0.5422887914374236,0.24757601970130727,0.28031390193672623,0.1910240663837143,0.44606155621962296,0.1330588664227521,0.1959903194835267,0.1536015176894144,0.199366457144994,0.6293694896116032,0.22507360317090444,0.1832940717374524,0.3034276156210131,0.2056041221383958,0.8174305738558544,0.18643204498077864,0.13596786110944986,0.06244556720488472,0.8213931949408291,0.2802230433969812,0.4393563918107846,0.046371454177957544
9,0.11788193564003073,0.13114942544593877,0.07893135412319947,0.09833172119528204,0.17043116681553402,0.24765392926022814,0.03321184058575004,0.0704071988864877,0.045251658230054524,0.13252451179925176,0.042669092423887105,0.08030889271209207,0.020658137649258345,0.08099842506349099,0.3827836585256364,0.09146864556054647,0.1211207992192985,0.265508286442192,0.2859496414546799,0.5080562476000952,0.22168612597755313,0.2670517689597708,0.16546246307730214,0.4649943796586409,0.10553226955489263,0.18034811289423552,0.2032595312026854,0.22765110563883248,0.9754343333237782,0.23343443671080236,0.17682516809273705,0.2978663527216217,0.18445191970436248,0.6528276686582579,0.19953325739402122,0.19051684451024242,0.04797078824116295,0.708884707934701,0.24752894002054363,0.3339846080029533,0.03212271986282206
10,0.11332599034908968,0.09934157219775455,0.0788447695803693,0.0869338271523681,0.1682225558778247,0.23113067152042643,0.031538426244541826,0.06075835670997405,0.039945374447117855,0.15976833718454467,0.03851004540022344,0.07598704775625872,0.014844985743514309,0.06663476684783565,0.2975846261565467,0.07441453860296242,0.09989389636681645,0.2167252493364096,0.2488529145173831,0.5102661471578313,0.21076335941550553,0.2396599844188164,0.13677998800575042,0.4612559575229241,0.09127390917479739,0.15523426250811492,0.1231415121372916,0.3577722496430771,1.1864178099227303,0.21974976008823807,0.16721813085925583,0.27606533990203275,0.2051079388660465,0.7579247904823163,0.21956483161954218,0.23279080785577108,0.038224139004046004,0.5433873031450586,0.1670112392186899,0.3504104373258879,0.025828752037470964
11,0.09348191038453571,0.08101093321413663,0.0801809057403394,0.05753376554122926,0.20310345209793812,0.21305598346633967,0.037922770355582155,0.0697019344607249,0.046065064584246404,0.16946471900477517,0.031105482830283426,0.08809462368076912,0.01652279615793307,0.06562788672284323,0.25340801020781134,0.05940112888984556,0.0838754730548784,0.16926574417150306,0.21071705099638988,0.49031530811846696,0.19710979359066866,0.20073108418656452,0.10747923780856565,0.4354976471786691,0.08030454676104766,0.1222073514702417,0.12963763307402873,0.29279199894373203,1.3810791936107536,0.17950573025252023,0.17296903384679016,0.21767692135696246,0.2703384168510352,0.9811663777683218,0.2627642330393026,0.23651064740316094,0.029331320407028932,0.43112443730043193,0.16789845106871407,0.28611323464737615,0.022452844412378232
12,0.07924752336412258,0.11092941089699318,0.08199139205215675,0.05845054695706372,0.18020855356742996,0.21534827754372596,0.033787636143132474,0.06028926142856709,0.036886142404155435,0.17474689944246516,0.02456903112491618,0.08918140074545704,0.019848109375130527,0.061510216214723336,0.2116318953096485,0.06158410422717625,0.07244211510390389,0.13754052829568553,0.18042892115012796,0.43978542136971704,0.1779805229685841,0.16662020606421338,0.07977699668416498,0.40070461903581744,0.07817136042023182,0.11648529994930384,0.10480021855247232,0.37413042098858484,1.3361698818071175,0.1386375278142304,0.15820504204847347,0.1474496930147426,0.3236505242950489,1.0530180965827303,0.21372064774415528,0.21766986470832983,0.024449386532403736,0.33250594565517216,0.19301567248777204,0.22897343831084466,0.02059364526012236
13,0.07335230227234978,0.11581089446290077,0.09641707253502974,0.04395639562320375,0.21704736692229534,0.20463666073780212,0.03314691472002567,0.048620149722881735,0.04004742015288217,0.17328020955613724,0.02079659850281357,0.08257634511329004,0.018459882293846843,0.05545681302039794,0.16826122073549807,0.057253891667975135,0.059723752897758504,0.11429253740558117,0.15716591842182911,0.3796598044279125,0.15776363242189215,0.13745643095478877,0.05836591106985357,0.36225973799175926,0.09577583205334468,0.10064248276034535,0.07026900829656481,0.39773123188784104,1.284360559886217,0.10336014379990521,0.15101203104395397,0.09700983272673963,0.35612627579048883,0.9782742778049492,0.15113350479482673,0.21635952431732605,0.024102486013783796,0.27777527883716524,0.18425492520128253,0.21813729438476828,0.01948232272611449
14,0.07770106322242798,0.12417339276333147,0.0885914159635186,0.043251414850104704,0.21020852891628694,0.18981123309972084,0.03979319635931812,0.04999873582896909,0.0459705033672836,0.16561510488722742,0.01720599425097516,0.0764634327837666,0.018043837151272054,0.04930200722837077,0.13447455610839273,0.04614452927267489,0.04995537969959834,0.09434200387248946,0.13635373366590353,0.33251706865808656,0.13776041414958742,0.11793456710633664,0.04526497014186913,0.32294124507805055,0.10250052194130073,0.08057822227770081,0.0654305837657748,0.33753003274816723,1.0971081410472245,0.0763235605189597,0.12088787655242776,0.06720186257672746,0.34217734545986295,0.8379820863443294,0.15732782079479313,0.19856664775129493,0.0236708615331857,0.23542781973715413,0.1580146783580892,0.2019815094724083,0.017954218600883008
15,0.06671960820103813,0.10767943769277197,0.08867723762148554,0.045084988368762194,0.18770944217417454,0.12325105306931547,0.027453584197472534,0.04427484083736928,0.05871256215968768,0.1535730786570906,0.012675425908167703,0.07066248611534995,0.015197923474695419,0.04248059561550225,0.1120920290940612,0.035709122221054386,0.04309080687571069,0.08160966106986269,0.122868556512341,0.30074673772296534,0.11955084325530044,0.10046687306176313,0.03621992423704545,0.2824361908039057,0.0940033544571584,0.06711241405877942,0.06865823523365992,0.2608951752996159,0.8427376704528631,0.0659893084364064,0.1116934219005732,0.06306591420237918,0.30647751463629486,0.6968856261136854,0.16465626343552253,0.1633688679145391,0.02447506633499071,0.20498462996755587,0.13534048374805216,0.19984124973611742,0.015637209778555514
16,0.052213721618590246,0.08927564401536808,0.0706307272121122,0.033279006106358346,0.15428554098425873,0.12860816985800597,0.020543038919930392,0.0405633914157689,0.06811901937793538,0.13920950357187722,0.010684062894018844,0.06569946993670413,0.011762579678581617,0.0375637389795397,0.09695678688211647,0.030345086573200217,0.036719953520191084,0.0725528543837143,0.11470424929953298,0.2751494247301784,0.1044688979674311,0.08527008800682238,0.032197654721824176,0.24561096230741367,0.07903924413400855,0.06020041569363326,0.0680033042597681,0.21559568014224326,0.6014874912641052,0.058099965680301555,0.10221949090802315,0.05472495069397901,0.2573795257135357,0.587117942009089,0.16741874957383385,0.14033366400911357,0.02301410243445844,0.17773878310834276,0.12185351408655441,0.14311485646531258,0.01386490891580191
17,0.03846307672385605,0.07423408414612227,0.07489194413828557,0.0286820514555351,0.1415938556258658,0.14236453560250578,0.017822387246824067,0.03588731270459639,0.06615597574137305,0.12430765597610939,0.009561934592240178,0.060659990846430985,0.010642799605656054,0.034928019600096595,0.08427492930409028,0.023774144451352137,0.03208691137660291,0.06411191863645861,0.10673657090186411,0.24673189367225765,0.09193514955437511,0.07295133150102308,0.02832092727643235,0.21318255901424416,0.06663700895243635,0.06464440797226487,0.060554002745707464,0.18851932033510743,0.49334798622194104,0.050814425641510806,0.09787182539958536,0.0462794077711843,0.21326615153522177,0.5212012882190753,0.15736187866429172,0.1300162215135585,0.024812314640709716,0.15299429714278676,0.11616219479337783,0.1502197148471408,0.012180977333998621
18,0.04245780733584126,0.061080473224164336,0.061142825416409134,0.0347222706577335,0.13637830273439877,0.12896014234226727,0.01993249686884709,0.03178911780796032,0.06228312074269836,0.11077320362038709,0.008644646468101983,0.05499396622929362,0.010076050358354172,0.032676951952187255,0.07207651015612654,0.01784942614914437,0.02716430883412153,0.057088988576046246,0.09733601602662992,0.21628248176819362,0.08265575262214195,0.06464113326321523,0.02585555177202868,0.18551140947358324,0.07404331395122907,0.0686031791718822,0.05692442593749913,0.17823472863658182,0.4839334363577494,0.04416412969692679,0.10686766917301817,0.04515639246900227,0.18239964092668112,0.4690961531162911,0.1490288196108721,0.11172409795551694,0.025742652350219386,0.13176988898188907,0.10807626815714896,0.16225120419257993,0.010666338094594148
19,0.04199017943827613,0.06520188576516296,0.05173274400391034,0.04083072271620683,0.14895078658738423,0.11881212303792411,0.022018784121671662,0.032528698921037644,0.0685075643139894,0.09987598703394068,0.007548578719857023,0.049035970913456656,0.00913851894610841,0.031210690654016934,0.06076767240145423,0.01491755992331077,0.022497695397995676,0.049091866799228404,0.0876003405101039,0.18951779658083556,0.07664745577216306,0.05935137522282117,0.02443566747569987,0.1631798714130896,0.06989802982322531,0.06832656260282306,0.05587806319046279,0.1750724849303093,0.4812879592057036,0.03828668874289474,0.12683014087158964,0.04426271681159035,0.15764650814850675,0.42297070783217816,0.131801984018915,0.08848293228362977,0.024449890644302346,0.11388491511055066,0.09532562387743619,0.1404007012092543,0.009326539813777878
20,0.037463208012753504,0.0666924995329367,0.06052371619606408,0.04237650419764371,0.126501509353239,0.11722041446885992,0.022063021517696145,0.03188830182280922,0.062351356380341984,0.09094455045748606,0.006581660580191289,0.04383705851585649,0.00796861971135146,0.029517248026404458,0.0511914979802453,0.012119285626659914,0.018885514851036508,0.043850529105241856,0.07894961406172278,0.16741026037898493,0.07135754287612052,0.05379784498259996,0.022782394590538473,0.1439595297801825,0.04940706409513659,0.061871559636199246,0.05337092552714649,0.17165224748384378,0.4856646708045168,0.03331112104086119,0.13838025208331164,0.04454820451612306,0.1378119333030531,0.3810476060497724,0.1174170168928491,0.0831763379210331,0.022041553615837074,0.10641985593542529,0.08113613637732942,0.11909383469267995,0.008163062526074287
21,0.03246031234256559,0.06334709856877455,0.06219397583492486,0.04175514700464561,0.1314772053139906,0.10861471485024264,0.020857722740878052,0.02971266993950068,0.06699997445446154,0.08270428733684036,0.0058787666773604105,0.03929419708000802,0.007014835452298568,0.02800621802822821,0.04663948387671756,0.010507881522287432,0.01632700552848142,0.04049913068881643,0.07106828115504303,0.14830564301849505,0.0670668540590637,0.048185427432381876,0.02022409582523808,0.12685696331527962,0.048712398843998944,0.05988989803070902,0.04948587806868752,0.173963222827616,0.47466985951162904,0.031330157483226116,0.12904458289505946,0.04145774165985362,0.12220608271047034,0.3401949562945544,0.11343802532434016,0.0749107118219343,0.019633493604425865,0.09620665000475648,0.07006252787317516,0.09382318493635956,0.007163243929080032
22,0.02951526362443042,0.05989465580465017,0.05742168791742034,0.04106219992518185,0.15975315960597236,0.09763346075118523,0.016448383856921635,0.02676366401120828,0.0639493561733113,0.07529990664870313,0.005603199187289359,0.035107662682991536,0.006785736449111447,0.025922629866829774,0.04285837729733344,0.009114019966095495,0.013969776651211104,0.037170937976866346,0.06417669568782304,0.1325016799007337,0.06389850980845262,0.041995306695534196,0.017098522832621463,0.11136601246151133,0.045159200339232125,0.056443347900745115,0.04450348912507147,0.17748422749790455,0.42858719184005295,0.03130390074416257,0.1324760768631759,0.0363364067115707,0.10903105725000427,0.29985363640522966,0.10919645017752207,0.06368031152119255,0.0183373771262787,0.08379866004618303,0.061828212171996834,0.07902384184692147,0.006309085804533467
23,0.028320076560472127,0.059376707391197256,0.05467310228051777,0.03932569860515322,0.1728478181649159,0.08361377471052027,0.012502505889600288,0.021998547423159685,0.059056463673476195,0.06894439877987932,0.004884132722674909,0.031351051339930235,0.006952484444896071,0.023479986141708622,0.039656623170401535,0.007781225881526972,0.012354780931280177,0.03365147910221411,0.05952227145301245,0.11938838097773898,0.060738058119770434,0.037179544661277604,0.014858716363803976,0.09765577218500103,0.040336187961608386,0.04825101861347059,0.03715649411546659,0.15479940832376227,0.35682644822621246,0.030691413257873463,0.14398894522610417,0.031521763310177316,0.09712968533696768,0.2627170836355097,0.1099220474065866,0.04883224884882443,0.01774246678381418,0.07099174155383553,0.054814334332941604,0.08506626584853746,0.00557715770565796
24,0.02921417511335079,0.05394548589361582,0.05907435550539507,0.035699431696050485,0.16830721254676448,0.07070707840050582,0.01184231440523043,0.019996125399547218,0.05179426291886371,0.06304159666908289,0.003991322556088556,0.02804196360509645,0.006958353993563789,0.021254874891430086,0.03682244685409429,0.006821648699627305,0.011455193556045082,0.029955437509503913,0.05329765924116758,0.10789313325078198,0.05719035445423258,0.034230425009545075,0.013601493136443167,0.0882846376773701,0.032941311345381516,0.044739321322534754,0.028881006797814777,0.12595838679097054,0.30600860071901537,0.02955788774301401,0.1285971015934523,0.02587564921506294,0.10249033808517868,0.22832822671051267,0.1202369464709664,0.0403808073769544,0.018197121165967868,0.06461733156695738,0.04927634187774171,0.10435514005908439,0.004948780892327126
25,0.02724856594959868,0.050032263879835163,0.06201246512138475,0.03244577001785064,0.1519627261014223,0.060507486356774054,0.015423592541914617,0.02181061612450031,0.04270493968162525,0.057624580644057115,0.0038403417862142783,0.02515018576269082,0.006530241293067734,0.019462741375503738,0.03414572074599017,0.006507686536456368,0.010507025487755712,0.025954974662447693,0.0469049666928404,0.09715831467565555,0.05388447866177803,0.03153964245268853,0.012053086857293708,0.08091526652283075,0.03132311140059277,0.0378512740113248,0.02691716746805494,0.09905382696396715,0.2626567461360161,0.028028380357474725,0.10200546893094124,0.02350787442118787,0.08777555735165045,0.19901583583823973,0.11486056210209314,0.037033753025259394,0.019699188138474898,0.06394010846789837,0.0462288026875089,0.1191992918062026,0.004409209299891068
26,0.03198261463225388,0.044163879132313975,0.057843178400541546,0.031564114192838555,0.1344783726519665,0.052668906223305494,0.01732660615730098,0.02127350373980228,0.03979642026193374,0.05325371946325649,0.0036185731379073244,0.022541658945416175,0.005874072438413992,0.017747074803066653,0.03151524385947837,0.006260034187031286,0.009541546412259414,0.023864265223485052,0.04217173344942474,0.08679325500596648,0.05105933335850647,0.02801069883284008,0.010495397460481006,0.07449075311966621,0.031484151812908666,0.0305092860603044,0.025367444977908972,0.08750454681373182,0.21101728967801425,0.026202496420024035,0.11331240701992969,0.02230420533992918,0.06557028734226347,0.17423843466882535,0.09487033846467788,0.03949429777553245,0.01935500787175807,0.06232538559729191,0.04431068437568646,0.11327300447761832,0.003944063826973535
27,0.0336478436655313,0.03773711634040375,0.0496419249369691,0.032969384162309975,0.10852443561492268,0.04796843919428706,0.015820114986771026,0.01771034487999364,0.03754683652529553,0.04916844294639701,0.0032662933027048065,0.020028888066927136,0.005040341634502934,0.016455099783363146,0.02888516091722468,0.006005173550921915,0.0086127944726594,0.022646293178432773,0.038292978684406294,0.07867652378543454,0.04841809446392349,0.024865774127994518,0.009113717500932263,0.0681167939516091,0.030666561359948698,0.024523972999584837,0.023249186785453547,0.08656342120460732,0.20354597709335184,0.024185278978771287,0.12894811920185267,0.0207696735912524,0.05676832143294661,0.1554389112035956,0.0731951199049715,0.03513147525930837,0.017861376976348015,0.06037399568588891,0.042928277568592785,0.09430672694894288,0.0035413573918329088
28,0.03242073999941138,0.031469427644990895,0.04308268890158425,0.03360079962749865,0.07832807536435833,0.04386832384547119,0.01331807015265828,0.013979695229775652,0.03575770442221622,0.04461758200188566,0.0028805686179687122,0.018105540633162342,0.004122699358851429,0.01554532967930188,0.026298795760713322,0.005717761733750306,0.007753212263755884,0.02016349085665855,0.03510822297748158,0.07449130166338754,0.04562614475676364,0.022601630614966003,0.007987200331509294,0.061688971944057855,0.02920252898805398,0.02068418590388238,0.021663691661749675,0.08443899066457362,0.19890632685498844,0.022113165074278702,0.13634124383557564,0.01911588562327488,0.052412658226017136,0.13898368864301827,0.06222175183342416,0.03007866393347113,0.016335903733355264,0.057887332437995175,0.04202609762151688,0.09434447928519675,0.00319310357404074
29,0.03096816316389118,0.026233370288849124,0.041011627307184634,0.032500003227534935,0.06325399875739492,0.04048688899429098,0.011198623348084757,0.012561553759276277,0.03594735724811995,0.0404898426954772,0.00253117129087757,0.016527450495797284,0.003668940211112451,0.014604469996111726,0.02382742291557996,0.005400237601142697,0.006987598844364544,0.01898438681297862,0.03228538788310875,0.07002691047714976,0.04312117880331109,0.02075309027988827,0.007753606108036965,0.055894301076422105,0.027148781476894465,0.01817557474150383,0.02076847601853544,0.08139720166519569,0.1951725846913509,0.020154147784647917,0.13872366010200102,0.017490035965262083,0.05203709717527985,0.12395774013249304,0.05815070279472114,0.025385887134005792,0.01451914496652123,0.05504862895434196,0.04112051742487234,0.09185889821237277,0.002993472564587093
30,0.02741097027778372,0.0259609004308963,0.041574664109042585,0.02984997640969016,0.05561434865387441,0.03769402268796214,0.009482671369886026,0.011876310376433274,0.035564242234992285,0.03716279738955523,0.0022530791248314566,0.015010832594216724,0.003249177567801866,0.013383722916974313,0.021539492951038925,0.005066728550735037,0.006324619701891454,0.01785511922493439,0.029626307693874438,0.06541382555954886,0.04080119526066154,0.019185971631888225,0.007539936151558258,0.051427266576289744,0.024963975701046602,0.016791955683769094,0.020546339015177124,0.07773718450752844,0.19119506585626722,0.01851084935806632,0.13163639830499463,0.015982208865369482,0.05433379133783473,0.11096300409920296,0.0537701438415812,0.026512412687654033,0.012800150240180618,0.05199357195438216,0.04008133761295563,0.08760934167150072,0.0028412738846289917
31,0.02346030357227346,0.025641055758090326,0.041678552445063646,0.026584575125753115,0.04811573727352499,0.035067366031542035,0.007806992141527737,0.010697261878357256,0.03395516154815111,0.03416533084272249,0.002051541383796397,0.014184278045575678,0.0028170607084304624,0.011869441484116424,0.019483910809104783,0.004733818119458267,0.005761077367129859,0.01667938134373155,0.027038952772697293,0.06074971229916166,0.03805136343362487,0.01782865691622281,0.007290321382601906,0.04778305397717057,0.02316039220202992,0.015754491190906217,0.021126724808625277,0.07365825008541188,0.18730901129743655,0.01741849816940749,0.11906688835849895,0.014629237157632454,0.052339178102677644,0.09978922287310528,0.049561107002304046,0.023868867988882554,0.011270187234503891,0.04883871180665447,0.03881924452646045,0.08430577360102803,0.0026995807862104045
32,0.02049112883824235,0.025207490050485285,0.041169932001378015,0.02339478486785017,0.05184247894623052,0.03223390837461947,0.008288883724888545,0.009522412124827793,0.031263223165094896,0.03209229264734188,0.00191360414231611,0.013763508021595369,0.002425507919962093,0.010826632787224653,0.01768497207015555,0.004415192199814397,0.005286693033418564,0.015937514219181062,0.02444669661551342,0.05619180793475077,0.034926989569621855,0.016568393162741304,0.006998331504895619,0.043916833493611994,0.021089660300558175,0.014895021608931056,0.02005545656585654,0.0692753301934532,0.1832782059560036,0.016627469521004003,0.10879132375944098,0.013434242619162567,0.045840942231073906,0.0905837941391293,0.05208717884264457,0.02135782944469477,0.009818951953671672,0.045816815121302264,0.03708947395487796,0.07989955358753027,0.0025675433689103843
33,0.019149739363780706,0.024608017031565167,0.039762982422728174,0.020483660639329264,0.05428242896754721,0.029080233429002768,0.008449482980329732,0.008666955958696909,0.034110858357146875,0.030243264734931594,0.0018336296474099876,0.014184043520177792,0.002104051658495321,0.009961590593143638,0.0161445629965444,0.0041180570281172425,0.0048880616857750366,0.015263225808651464,0.021901612426567123,0.05187082906868409,0.031536867093648904,0.015323997891079652,0.006673777072419029,0.039501423483255874,0.021213737502560975,0.014081551586432314,0.021840589970070726,0.06464718254115581,0.17951388833026674,0.01586905925581725,0.09830806577832285,0.01238293792123956,0.03959321752193324,0.08325031328570157,0.05251714369121671,0.0195842820709169,0.008529254642080658,0.0427403914859405,0.034920076905697,0.07433742566512089,0.002444378604383905
34,0.0192037746428699,0.02381559396003462,0.03631432265624491,0.018613017757860603,0.053850073490866825,0.025761671879361913,0.007436082335150179,0.008331717208751924,0.0345050083383035,0.028466236385309495,0.0017598615384227386,0.01423046417790417,0.001859150969145192,0.009178197262010761,0.014847701861984138,0.0038466307243888768,0.00455137726687343,0.0143535819767637,0.019477864790231433,0.04787769926660969,0.028378954995489838,0.014162474643257926,0.006331937124144642,0.03600620796673503,0.02074159830582609,0.013240384125706568,0.023167005183206253,0.05987991982515011,0.17512078575977413,0.015104268623508702,0.08970424808460735,0.01145479389873585,0.03377185396118789,0.07741710145763958,0.05009411454102066,0.020000821458551518,0.008274658609577044,0.03974528434320508,0.032589617807611604,0.06877234333601673,0.0023293712905639607
35,0.019889774923153823,0.02284008949539039,0.03164822338076925,0.017148172413531143,0.052290956548073225,0.022770783918986123,0.006550693425153046,0.007939372809639493,0.03331542572103194,0.026742497134134083,0.0017131955453539341,0.014094976710712866,0.00168319614452511,0.00838311077645346,0.013780000521208155,0.0036019475262251367,0.00426402124533749,0.013395734183749558,0.017357345580170266,0.04426279514966618,0.025664383469559852,0.013083843319422523,0.005987521510161561,0.03308004865389667,0.018290029752177403,0.01235896058963842,0.023424018007115875,0.058860371256963535,0.17819150448721616,0.014331078072973076,0.08255757561357686,0.010629437812329006,0.030212418873389914,0.07290582516477427,0.04527829679948936,0.02011686299143013,0.0076862565882448676,0.03812168010406533,0.029950566783774793,0.06565089620064582,0.002221870819025642
36,0.02051393966793317,0.02169996922502626,0.02672001963450448,0.015273284128439847,0.049563724554912925,0.020914637466706423,0.005740191182192094,0.007176856863270317,0.03164409568144845,0.025012116889549824,0.001672289206057136,0.013290585855853625,0.0015621313301004056,0.007716102284890558,0.012899288410720704,0.0033829538128819754,0.004015295204739586,0.012704777074957624,0.015812397622874213,0.04104198234941802,0.023415073574586723,0.01213702416711593,0.005652020591798246,0.03157871996220389,0.017184813912112355,0.011438698004622473,0.02267352423204801,0.06286720504017533,0.179879355607768,0.013563918910179855,0.07496823624477103,0.009889549743699315,0.02798560810104176,0.06944014898666577,0.039029817632191474,0.01944563217486044,0.006978203740053074,0.036547519485044574,0.028639658385253446,0.06221729139583254,0.0021212861339205374
37,0.020671418904442084,0.023510034321176883,0.022401979828942774,0.014087492725607775,0.04647565870722101,0.018885206460370615,0.005243706899425182,0.006164887152320809,0.029867333776082895,0.023298546808412153,0.0016311497071985076,0.012540706167050697,0.0014806125296507873,0.007091386271285823,0.012172546030010604,0.003187427285625468,0.0037965948444633395,0.011927954756328314,0.014358953511724708,0.03820526864289699,0.02131761908068608,0.011127607528319455,0.005333095103026074,0.0300943444795012,0.015216302211713854,0.010508409248401167,0.0211402577752808,0.06448316241263406,0.17488841464706203,0.01281757703771656,0.06686374350215639,0.009221600319487117,0.02587829491722006,0.0666360622623011,0.03231021395449891,0.02117539065787372,0.006209089033799927,0.03501787639035058,0.027255557116060113,0.058497181269865646,0.002027080161730288
38,0.02021571570951155,0.025148162411269978,0.019291138152895158,0.014051875937101152,0.043652129844424827,0.016821164441355507,0.005571728023718901,0.005174276296976442,0.027659401065768523,0.021618415628781938,0.001586754954295653,0.012222597554970587,0.0014251506536559315,0.006501038022257288,0.011569553614708924,0.0030126456816415947,0.0036012673997721863,0.01141712083863621,0.013309250739810383,0.035725508085877336,0.019465184482445965,0.010082753982673876,0.005034993249121565,0.02864016990320851,0.013943130471334433,0.009600421043664409,0.020560329817534924,0.06352575465681307,0.16556264775554166,0.01210671674468968,0.058481312488098465,0.008615485220533202,0.02388066855993435,0.06430881226023263,0.026311841584972708,0.02005296123323518,0.005482756815033359,0.03353389585983805,0.025763132161583865,0.054867858090987,0.0019387643585284488
39,0.019182208821293453,0.02535709912044375,0.01756739359605868,0.013747868641178539,0.04124331754924003,0.015292949326437152,0.00584913869556534,0.004389463220385299,0.02457487075955058,0.019978950968722813,0.0015381556898050005,0.01164827881344939,0.0013849336229687494,0.006203087675762192,0.011063515369089609,0.0028558213974382344,0.003424322327852884,0.011054514912845875,0.01250862727681733,0.03356584892984305,0.017871472148586653,0.009478023677951563,0.004759351306406836,0.027223402089033653,0.013260408252454595,0.008742300000571237,0.020298422672488662,0.05913213144476669,0.16119024179007965,0.011464080214593953,0.05138669076462028,0.008063747375391866,0.022348331964877784,0.062378605913143786,0.02248980067840671,0.017116629781586845,0.004900242363237192,0.032100386256669486,0.024210798606556404,0.0511674498862918,0.0018558936680587999
40,0.01854902790657969,0.023811918557346205,0.016981177338127394,0.013200395055592569,0.039099472113527024,0.014769939000110255,0.00579606721119183,0.0038416381427266036,0.020835970323328578,0.018400016170712234,0.0014856857513657787,0.010895675739144763,0.0013516424666230836,0.0059519996244036056,0.010631723596340318,0.0027158896389707877,0.003262101328110851,0.010534882991744548,0.011771011713751247,0.03168545644375945,0.01638783753716091,0.009264703334228552,0.004506024942220358,0.02585080190470709,0.012521810254289101,0.007953290581330248,0.019746617577637113,0.054142926471654446,0.15504889893796714,0.010883249557338368,0.047508930522365066,0.00756077045101897,0.02160346920632597,0.060602563273503524,0.02055790579629229,0.014797031616309646,0.004644072660874928,0.030723464417580976,0.02359184696691985,0.047481903066770144,0.0017780619939347445
41,0.019578729035545247,0.02148226321142393,0.017052739767095294,0.014303778474220668,0.03697213775315272,0.014793574066483343,0.005357558888117554,0.0034662995659250637,0.019764112127039633,0.016892581601495534,0.0014303549754736819,0.010025468468077886,0.0013202823851302342,0.005702065626727336,0.010261636840468668,0.0025895946154550122,0.003111988056819959,0.009742841728149196,0.011318089282961552,0.03004352597068521,0.015082364073065043,0.009047716686359359,0.004273791542531713,0.02453110244342164,0.011753984182808848,0.007437259036300044,0.018912339265045642,0.05359006731897371,0.14571662004054034,0.010338936083616487,0.043416177715099126,0.007102115216966541,0.020938445209201566,0.05888938087413268,0.0189064067323734,0.014379481935445132,0.004414507639278818,0.029408709760916404,0.022616584053573016,0.04389367285035485,0.0017048981927234883
42,0.019351467090535052,0.021236028446623537,0.01730799111249817,0.015298768827874974,0.03467123235264395,0.014974445723492113,0.004544116312665823,0.0032025199893976593,0.01980987916838585,0.015458245868925634,0.0013734279516125511,0.009074443342334478,0.0012880091861691711,0.005455577268424397,0.009932402527302112,0.0024741932072131273,0.0029726394685317473,0.008755157482322222,0.01088728896522672,0.028610618704950897,0.013809896464654838,0.008823460877605296,0.004060876027111445,0.023271060338323574,0.010976967659167105,0.00704840727626046,0.018089702820019978,0.054880407777860546,0.14344741272771316,0.009825081433675446,0.03924587332605794,0.006684045000913399,0.020727220367427215,0.0582417094472712,0.017441527965262146,0.015099574512431534,0.00420631329996096,0.028159996582226444,0.021344155701624738,0.04053601030589885,0.0016360625501253587
43,0.017844028910733754,0.020599513761044522,0.017413619338436888,0.015931504537550777,0.03211685567022332,0.014865886597351281,0.003929173359120698,0.0030294035385032077,0.019312475418932926,0.014511698416996899,0.0013161595454220297,0.008210346284545781,0.0012535249592683028,0.005214490657963709,0.009631973125654477,0.0023680861767274436,0.002842077282626956,0.007938257564300857,0.010475886594506368,0.02734628965339305,0.012582283719674705,0.008590855218494158,0.0038653091363167603,0.022075310856759286,0.010208737315764105,0.006666284051112297,0.01720459669927313,0.06035742316453399,0.14926412666931294,0.009336706498050785,0.035144846552761726,0.0063032238792699,0.020374983074733122,0.057715418201546805,0.016153776235265063,0.01581665770213143,0.004014733366764274,0.026978971276809316,0.019938987406682332,0.037547820661703535,0.0015712436858165528
44,0.018363277472263923,0.019801690869516053,0.017195482826826605,0.01616528407452407,0.02933685065962847,0.014268302850795039,0.0036143766316405054,0.00295070409634987,0.018348618299799713,0.013954077182534212,0.0012599423705126807,0.007491286938852603,0.0012165514265847393,0.004980388897549107,0.009352103906370734,0.002269970915618124,0.0027193442918479185,0.007216784146451692,0.01008202852253476,0.026217032392685007,0.01173207861185212,0.008350474346344562,0.00368514986162341,0.020946480281320144,0.009590388571136706,0.006298121256322615,0.016208001118287862,0.0657223042097028,0.15272232805541547,0.008872559477441467,0.03132827198048551,0.005956547709365314,0.019905672814331875,0.0571629759482694,0.016214302236406814,0.015820146578176306,0.0038357823587091898,0.025865033726105074,0.018563773535609007,0.035104200550818844,0.0015101558300196834
45,0.01812625275358335,0.01895016886285167,0.016607235022915754,0.016082867417953183,0.02643287094285095,0.01355313606667099,0.00396618843659034,0.0029599382470092586,0.01736985482675929,0.013428325343545409,0.0012060037887101933,0.00710261832820169,0.0011774161349479087,0.004754485488470124,0.009086854809942167,0.0021787956547059148,0.002603732409777038,0.00655120055794944,0.009704460208632325,0.02519797038157507,0.011106012117576215,0.00810388122705509,0.003518608137038699,0.019885437636858946,0.00909671935441716,0.005948861613449882,0.015157555010077834,0.0700009769634723,0.1541053696564171,0.008431126719903594,0.02884815760098746,0.005641065586309328,0.0202215809567287,0.05652487764623195,0.016394009299528268,0.014971029388299306,0.0036663283485307606,0.024815649286856586,0.01783627096133028,0.03282764833872808,0.0014527385393583924
46,0.01729754837124882,0.01816929284930019,0.015695538033954983,0.01583026382047738,0.02353865416393561,0.013534637941300614,0.004172883117925981,0.003021081186305104,0.018410410470325392,0.012931201733226516,0.00115430596520148,0.00670590541416191,0.0011367522696697806,0.004537652097124303,0.008832095117222943,0.0020937134950883935,0.002494697380967217,0.006072523281113636,0.009342323632401216,0.024268634392453498,0.01052269430999843,0.007853139423567876,0.003364441495665492,0.01889160528160231,0.008643694345825164,0.005621438869979796,0.014107719311889415,0.07208789853007185,0.15362506932344372,0.008010733427780806,0.026452456657536164,0.005353956106467873,0.020076248768829463,0.05557648136949468,0.016347156474410457,0.0136210418585346,0.0035040518682381227,0.023826831507281255,0.017026344654083318,0.030599529274037952,0.0013989177414820914
47,0.016056294114642183,0.018309504839608,0.01456251514759758,0.015517783301784131,0.020796028675065612,0.012587407892322324,0.004459022893553998,0.0030792692246912885,0.018577051234789678,0.012459886148652953,0.0011052771080622863,0.007054555512894966,0.0010952964982059953,0.004330459043352891,0.008585075452842856,0.002014040749741634,0.0023918001661174843,0.005592331475006151,0.008995010453827543,0.023412484224764232,0.009979554335576393,0.007600474304456868,0.003221860149070819,0.017963277121543546,0.008211025130066071,0.005317167298168244,0.013083950190337479,0.07023383597730333,0.1515134566279013,0.0076097165860655415,0.024201540577634677,0.005093954241583792,0.018870032940769558,0.054345703347608694,0.016983028547935937,0.01245193084869157,0.0033473409045929833,0.022893671395382596,0.016227053533239288,0.02852157703106227,0.0013480667538794272
48,0.014681435666329888,0.018459252607427302,0.013301200119336056,0.015060320009524635,0.01832376206930101,0.013428501927493435,0.004665782175024198,0.0030795844430366384,0.01785277823085156,0.012011958750085743,0.0010591602462522794,0.007427906132215939,0.0010537637531500557,0.004133220705936213,0.008344072122176084,0.0019392214569182945,0.002294667969555719,0.005421302594755302,0.008662058789007226,0.0226163609074496,0.009474024452520708,0.007348051281594376,0.003088699750403277,0.017097914563052888,0.007796794138464612,0.005036145788762558,0.012114720534643075,0.06570243899968423,0.14802431616842546,0.007227327525474017,0.02212226116358366,0.004858476480416395,0.018015219116319498,0.052847377107569794,0.01749477961830136,0.012589873281022313,0.0031951610253172073,0.022010829930426516,0.015429361251424719,0.02651780326797587,0.0012999826577314805
49,0.013129985105124385,0.018328483096647964,0.012850504060617787,0.014637255999023772,0.016836730881226183,0.013368819086159871,0.004737262855851869,0.002985373297412892,0.016498860404277105,0.011585364059618013,0.0010160504780635806,0.007254585925813106,0.0010127782233943223,0.003946040883608543,0.00810810066006953,0.0018699788340725307,0.002202969263066016,0.005261016074239096,0.00834308312489696,0.021869936053536487,0.009003580636041156,0.007097841878017906,0.0029639920278781815,0.016292405052684877,0.007402186704397968,0.0047776241921086374,0.011210375781447178,0.06443956261933677,0.14340043096518024,0.006862781899438336,0.02022573695933732,0.004643572821902831,0.016840715690043927,0.051128787393641864,0.017870201518489427,0.013097523710447088,0.003046924311853552,0.02117294702791949,0.01465912690602612,0.024603860434047466,0.001254478416606288
50,0.011449543355938934,0.01796098437129549,0.012232634670957596,0.014339190606434625,0.015521492798940035,0.012380258551345143,0.004441833359121916,0.002785590754141351,0.015380855435494152,0.0111791021587457,0.0009759310032588201,0.006812575310579078,0.0009728428467849547,0.0037688551785936947,0.007876691236974598,0.0018048635334969093,0.0021163984761793965,0.005105766469726315,0.008037728751561182,0.02116519768961795,0.008565774024475897,0.006851552986227118,0.0028469246119186215,0.015543277659265359,0.007027771620778041,0.004540308382970511,0.011672625132507499,0.06319211093356364,0.13789428393015155,0.006514009576462611,0.01850899198623056,0.004447064688872024,0.015496520984231526,0.049243222834973524,0.018033811461313633,0.013567908647601119,0.0032186613428406177,0.020374948305742168,0.014524355751354122,0.02279118483429917,0.0012113814975304835
51,0.010253122506327261,0.01740358682614938,0.01147465600094955,0.013772995311163699,0.014207138818359145,0.0111246039998384,0.004084793455312648,0.0025750750956752533,0.014392596827331124,0.010791163800385199,0.000938705020590719,0.0065110891553833835,0.0009343334342746407,0.003601468864117387,0.007649775645688896,0.0017433375566755743,0.0020346671500572353,0.004955361998263493,0.007745643866222405,0.02049599286442135,0.008158254108987973,0.006610599651505536,0.0027368133787386622,0.014846876015554152,0.00667464033936289,0.004322598466047101,0.012389260779260567,0.05860320991823696,0.13170514039865547,0.006181839316996789,0.016964953979497314,0.004266963472841918,0.014084362568895151,0.04777122444399008,0.018005506959283595,0.014070592128709803,0.003388360720386259,0.019612250146925282,0.014430844298879288,0.021239428675125082,0.001170532627051581
52,0.010428300548374342,0.016707184748827365,0.010617500110503202,0.012979223100047644,0.012926012122062494,0.010475467798307825,0.0037490095220019974,0.002576520421243873,0.013887336316833662,0.010419970294115235,0.0009042223148064673,0.005995051171003949,0.0008975072417701313,0.0034435896185420686,0.007429694087387492,0.00168513157074316,0.001957499258133941,0.004809685955861242,0.007466464067459065,0.019857634774660626,0.007778784799097938,0.006376106350238179,0.002633077619303888,0.014199492198000997,0.006341841454177111,0.0041227645687374505,0.01260895776226436,0.052741000164360126,0.12497560654358345,0.005863987926660046,0.015577212101966479,0.004101470808733355,0.012701862921855213,0.0465543681511508,0.017763311250525486,0.013712220748617021,0.0033797227907526976,0.018880874886795417,0.014345000962824508,0.021358236069948664,0.0011317846661404837
53,0.01070081619979947,0.0159229840419871,0.009704704408954741,0.012840201889983027,0.011723808733309462,0.010338502399472508,0.003423892907179702,0.002488986782845925,0.01300475685065792,0.010064492691329072,0.0008723004011659393,0.005382692768252441,0.000862518923136835,0.0032948550886474554,0.007214167381531562,0.001630009572341956,0.0018846290933759884,0.004668664222146114,0.007199805264182766,0.019246574325918954,0.007425254549652843,0.006148925696306975,0.0025352189532767233,0.01359746666092719,0.0060282818783460495,0.003939069393253163,0.01257668780183035,0.0473545128421714,0.11782645122103705,0.005561131733377484,0.014333598292399727,0.003948973492485363,0.011455942537366539,0.04583975359991362,0.01730592840922298,0.013295337713031393,0.003203962829247193,0.018177493314025007,0.014279383417319444,0.02092813437286859,0.001095001590342864
54,0.010574929135135469,0.015087929364340134,0.008776236078087965,0.012696700126209206,0.011160347150301864,0.010226268173208,0.0032495111074797804,0.00232524514659075,0.011908595123802566,0.009723850790510878,0.000842740663909385,0.004812680691296339,0.0008294392332666657,0.003154855586063587,0.007003484660811242,0.0015777615991825265,0.0018158006396358124,0.0045322431735009315,0.00694526207503764,0.018660131564320122,0.007096404871531923,0.00593007040189624,0.0024428041114577395,0.01303725979621927,0.0057333199951022165,0.003769848139789753,0.013049744224653222,0.04335649268909243,0.11037807024884543,0.005272124185120868,0.013221485799766291,0.003808034306653226,0.010386374112188278,0.0448708029810413,0.01665666755760685,0.012742215043967211,0.002877159216398225,0.017499412938140252,0.01419726921410048,0.020078812374303243,0.0010600575636752995
55,0.010230849970805948,0.014213801521180992,0.007867491755622567,0.012546172742253838,0.010911007577394239,0.009871582210205199,0.0032640029535629224,0.0021052171291555573,0.011057393159532185,0.009397282119167105,0.000815340186345578,0.004352971477404787,0.0007982736442708678,0.0030231524008369256,0.006797939727426327,0.0015281984052998164,0.0017507677180845136,0.004400375198374772,0.00670240961511003,0.018096280181121867,0.006790538970167417,0.005720085388642658,0.002355451284721059,0.012517774651758113,0.005456185470647339,0.0036135559998320224,0.012592189853470678,0.04069965876323915,0.10276857130937712,0.004996341027907124,0.01222810681120832,0.0036773800542973293,0.009519403958498937,0.0436804608029861,0.015841261844847764,0.013740556393888203,0.002454153771754397,0.016844529228154204,0.014083053465109772,0.019133257086600016,0.0010268360963902716
56,0.009811187487312713,0.013310377760392112,0.00700595762751978,0.012353907949592992,0.010761819578893512,0.00914942539738447,0.003111650609562674,0.002019760731510006,0.010592665587636798,0.009084116123415788,0.0007899000444783195,0.004039737653550853,0.0007689792949291191,0.002899292290595506,0.00659780281122628,0.0014811475909141353,0.0016892944622064465,0.004273009673481539,0.00647080719355024,0.017553477504895998,0.00650499921842427,0.005518642304611612,0.0022728195463034197,0.012033559787741599,0.005196026482501773,0.0034687921031259913,0.011391178418643956,0.03866408629385697,0.0960113775604942,0.004734520167659931,0.0113436446756031,0.003555887958968745,0.008801118837926147,0.04228309943717329,0.014857263864204849,0.013995724576544197,0.002370144336583519,0.016211254470818812,0.013926504803570812,0.01820026790783013,0.0009952292780500175
57,0.009444303487117837,0.012474150856869665,0.006676167219517231,0.012094479899454382,0.010662427643091195,0.008164719691878763,0.0027453405780473927,0.0019727669998382737,0.010043457731231725,0.008783753218827843,0.0007662308049808267,0.0038524918551823026,0.0007414795323090359,0.0027828187123970973,0.006403303704418617,0.0014364507923965877,0.0016311558546253265,0.0041500877896061125,0.006250002914266985,0.017034713665774734,0.006238188120985714,0.005325807900357605,0.0021946008029646883,0.01158156600202299,0.004951946040539223,0.0033343071691504258,0.010570904388387311,0.03707311788712564,0.09353137690485812,0.004485383124431503,0.010802767789889655,0.003442571372830074,0.008436048253444616,0.040795575817335936,0.014398589884078557,0.013421675950624087,0.0024176701228873503,0.01559843586259428,0.013720210663758855,0.017041782472554536,0.0009651370784859164
58,0.009212634590057084,0.011669840502732334,0.0064574762630012165,0.01175667228050612,0.010572326338798321,0.007808474838098857,0.002544673177002944,0.001921312807725596,0.009502376488911309,0.008495648174100116,0.000744155884498885,0.003731747115254531,0.0007156758344103415,0.0026732803340718146,0.006214623040706571,0.0013939616333436544,0.0015761381786639837,0.004031540029945537,0.006039538514904816,0.01653470393555229,0.005988631376232231,0.005141531953905403,0.002120513755808075,0.011159052633532696,0.004723029529002949,0.0032090004956826916,0.009606089005269807,0.03567897790242878,0.09088941700081984,0.00424869464960199,0.010313281454157655,0.003336565506291372,0.008248094322765553,0.0394356560252531,0.014907249050804672,0.012253010831337502,0.0024569532028305818,0.015005271457392826,0.013459796692591236,0.01575933422040797,0.0009364667100561896
59,0.00911867768088588,0.010802959528985018,0.006182509870866625,0.011340078149862985,0.010465437235411643,0.007617313642108841,0.0026654036015153963,0.0018663807871193475,0.009035232802853519,0.008219297222927378,0.0007235133236111554,0.003612921189689814,0.0006914572147571434,0.002570237311243379,0.006031889242507542,0.0013535442147283785,0.0015243339545052712,0.003917670993002186,0.005838954026189873,0.01605260430927,0.005754971510545357,0.004965672799113515,0.00205029941404171,0.010763502233086137,0.004508365241674801,0.003091910479983035,0.008489421225520342,0.03348692906021888,0.08813440768561062,0.004024216554573552,0.009848752703029574,0.0032371136839110725,0.008140026104680866,0.03816198162531548,0.015280010967668201,0.010764985505714197,0.002486276403559335,0.014431229930914594,0.013143827370078395,0.014465433915873509,0.0009091320454256489
60,0.009095632917884997,0.010197090395426564,0.005864940487909843,0.010850095633955437,0.010325284353508518,0.0074089185562342145,0.002685986508305892,0.0018089024434738612,0.008650975505630406,0.007954228292554388,0.000704156423825313,0.0034500885689592526,0.0006687073744934958,0.002473265756695517,0.005855179271564882,0.0013152635585163535,0.0014752767735921157,0.0038095174576343012,0.005647792007091711,0.015587791647762125,0.005535960946354675,0.004798019272285346,0.001991890660134773,0.010392613160790678,0.004307059369931494,0.0029822016756380324,0.007367654285866056,0.03046622284380306,0.0852783454083959,0.003907545644368189,0.009407193153561587,0.0031435544558005898,0.008067638570473146,0.03703078604231884,0.015488145123547124,0.009219748061376789,0.0025045987919410343,0.013875977919223103,0.012773495110820356,0.013258024651068357,0.0008830530856537176
61,0.009045065689708302,0.009685629866040118,0.005519630177299891,0.010293491230340027,0.010143338776854987,0.007187898577061032,0.0026404398061014834,0.0017497339871718701,0.00833109890104481,0.00769999377367327,0.0006859536000469227,0.0032245283255993022,0.0006473099369765559,0.002381960768082006,0.005684521804409938,0.0012794365861961035,0.001428751524566917,0.003705347289340229,0.005465601230817238,0.015139716541259507,0.005330454799523276,0.004638309201681516,0.0019367557028244294,0.010044288796702081,0.004118246635321071,0.0028791504469076897,0.006403402612115273,0.026856193633218298,0.08237351861804876,0.0038014202036723435,0.008987677736008906,0.0030553097557028705,0.007991807285291697,0.03602748438634818,0.015558292085228407,0.00846426063542691,0.002511455635680535,0.013339316969129447,0.012352187231502556,0.012346386180750268,0.0008581554740016613
62,0.00887857044069392,0.009308693409890273,0.005158083983254125,0.010164920423534004,0.009917248064989998,0.006958536144447976,0.002563185220668383,0.0016896423268071864,0.008022526666523413,0.007456165315490071,0.0006687877180055749,0.003138007693458901,0.0006271521109636178,0.002295938322053754,0.005519901832347766,0.0012452746650210267,0.0013845918114010686,0.003605058282017584,0.0052919397760234806,0.014707875086361736,0.005137403628896294,0.004486244711085871,0.0018839553249823254,0.009717567071166961,0.003941097531663176,0.0027821305680197036,0.0056484178664627845,0.023081370428277324,0.07942806065131298,0.0036980094295652024,0.008588176100922404,0.0029718741929159573,0.007882110471315837,0.035115806108424144,0.015499965138234468,0.007819460382490822,0.00250685523648979,0.01282113086646159,0.011896372692713385,0.01276245843209871,0.0008343700512708965
63,0.008548581590304647,0.009091281762777952,0.004792228947559183,0.009793156808500025,0.00965013960186166,0.006724676895087724,0.0024831878214565174,0.0016292987580860795,0.007730419876534435,0.007222330199284519,0.0006525551175864241,0.0030089602642633623,0.0006081271066303663,0.0022148362903346396,0.00536126597628947,0.001212678290035545,0.001342642346202557,0.003508540485632851,0.005126377528829117,0.014291789518316254,0.0049558463019864695,0.004341504681182389,0.0018333458699883575,0.009410881320208151,0.0037748229527163795,0.0026905995919788215,0.0050998100467317285,0.01998327697846689,0.07668351870917371,0.0035972676220733953,0.008207611751787403,0.0028928054912650777,0.007729940956158639,0.03412081210845471,0.015309555196976684,0.007519757850528059,0.002491179304486341,0.012321343221971993,0.01141030939932607,0.013021126149620994,0.0008116324489292847
64,0.008665944200407737,0.008765101182987817,0.004863811868054949,0.009174874758580549,0.009346731434949223,0.006489673635107173,0.0024183737605893924,0.0015692782851017544,0.0075780033717493395,0.006998088914663629,0.0006371644680138911,0.002811886982269662,0.0005901355903910578,0.002138314786920479,0.005208528026227548,0.001181554375365906,0.0013027585215934214,0.003415677964089925,0.004968498132140088,0.013890995440302038,0.004784903093539435,0.0042037547364019035,0.0017847972963532183,0.009121446891980552,0.0036186768253998174,0.0026040864435691296,0.0047220223947682495,0.018211411102403978,0.0741840902825188,0.00349916337208286,0.007845197678556327,0.00281771603823772,0.007517546908524287,0.03312862639645739,0.015030429861818628,0.007183315238760759,0.0024650912278841412,0.011839884620251376,0.010889149680973416,0.013146735670242205,0.0007900790720760983
65,0.008710763222210129,0.008359705001337186,0.004916836872412561,0.008436975978854643,0.009013192313713768,0.006256370089691229,0.0023738045098465736,0.0015100628950975106,0.007657811851227128,0.0067830536298069555,0.0006225355578436211,0.002586941193455534,0.0005730864202770951,0.0020660560156328745,0.005061574378490569,0.0011518158506302922,0.001264805913556513,0.0033263504565364706,0.004817900435801855,0.013505033884346032,0.004623769096459043,0.004072655118446714,0.0017381914566802776,0.008847857393313,0.0034719572407850376,0.0025221804391468753,0.0044560490015999165,0.01678447799346235,0.07166313245940563,0.003403674540107753,0.007500454147944679,0.0027465334335470618,0.007342963243934478,0.03214825724828012,0.014661209288868807,0.006893451908135905,0.002429454753208262,0.011376668303250695,0.010340349592816954,0.013162364696986199,0.0007695623197861243
66,0.008602319124909684,0.007904221061086809,0.004940114371120262,0.008095513636321562,0.008658349464036472,0.006027112596890688,0.0023428874613539976,0.0014520474551818754,0.007811568390325367,0.006576847307498754,0.0006085980898873864,0.0024611171804926222,0.0005568968596726301,0.0019977637534675974,0.00492082221486472,0.0011233812927358118,0.0012286597385802694,0.0032404348930770016,0.004674199508728709,0.013133446840986395,0.004471707995666755,0.003948567597231701,0.0016934205894119025,0.008588842683104154,0.0033340064712205062,0.002444521771502153,0.004242738252723925,0.01597123120663563,0.0692783317353185,0.003310784201464707,0.00717266543243825,0.002679532121905247,0.007067635496232784,0.031084342259763482,0.014212131275995483,0.006926736961046497,0.0023852642023886855,0.01093157320345481,0.009841594418731944,0.013089015972791477,0.0007499091129060402
67,0.008332893587351195,0.007421311145944202,0.0049279057830306765,0.007819435311039211,0.00828861061650146,0.005803780348564937,0.002312084980545133,0.0013955472012202696,0.008025575517658147,0.006379103271367987,0.0005952905266454166,0.002337455138874023,0.0005414924268722004,0.0019331625769869868,0.004786548573077912,0.0010961745830026697,0.0011942042851802936,0.0031578067405892197,0.004537027275671787,0.012775775218524781,0.004328046233382692,0.0038307425922375037,0.0016503860096498749,0.008343255844565717,0.0032042101780655674,0.002371018142401023,0.0041066477261689095,0.015182442300739538,0.06699205144453138,0.0032204774661618203,0.0068612043222831065,0.0026155345143575354,0.006706860076375844,0.030049273864146783,0.013723612118350364,0.006944782953550916,0.002333586357360868,0.010504433109435933,0.009621094323993303,0.012961549094072416,0.000731071764898659
68,0.007930926481218209,0.006924916000895414,0.004877932208571464,0.0075176485031696,0.007911136334173008,0.005587826931073077,0.0022671546392032055,0.0013408060432423242,0.008284075754788157,0.006189465071264607,0.0005826336507138664,0.0022164191912011355,0.000526806502766501,0.0018719969157545936,0.004657530345198363,0.0010701245835746317,0.001161332336096592,0.003078341170958819,0.004406032838939689,0.012431558449610582,0.004192934015921045,0.0037185268471864367,0.0016089969809473313,0.008110061041851961,0.003081996047121838,0.0023016634435288593,0.003991821859586827,0.01508002176254619,0.06468924896498224,0.0031327390668964717,0.006565590748129881,0.0025543119731263357,0.006281349804685063,0.02902386617896208,0.013190539429885207,0.007107176160635163,0.0022755134715827623,0.010095030796304718,0.009439732193747235,0.012780059903195072,0.0007130057436765445
69,0.007420787428272789,0.006425737439982815,0.004790642850309094,0.007195396121986769,0.007532691564003487,0.005380327739596819,0.0021978236520562608,0.0012880051201595917,0.00856842107178471,0.0060075865334845505,0.0005707974708633818,0.002098838586531437,0.00051277978942111,0.0018140299978299723,0.004533594345395402,0.0010451648296712626,0.001129944593949461,0.0030019140548333953,0.0042808825407923655,0.012100335164381944,0.004065373393466493,0.0036116076040986836,0.0015691697481678686,0.00788924014198003,0.002966832034993013,0.00223566773620392,0.003881183930209131,0.014996002510721532,0.06269095342388308,0.003047551604367009,0.0062853422981660615,0.0024956616307416045,0.006185222093277916,0.028153623178196557,0.012968709414719679,0.00713449303420118,0.0022121264522579308,0.009703096053242018,0.009240922705986228,0.012555037223005532,0.0006956694346779422
70,0.006816499533869013,0.005934112348170305,0.0046685105428610155,0.006858225800480731,0.007159001917793541,0.005182029334074555,0.0021006181436584413,0.001237271203714036,0.008861155088478992,0.005833131911503741,0.0005594275092905368,0.001985314757550295,0.0004993596882136357,0.0017593601429029152,0.0044145607459593755,0.0010212332359597082,0.001099949120076417,0.0029284027908987684,0.004161487070256712,0.011781644506341556,0.003944455024463039,0.0035096851200621996,0.00153082671146405,0.007679791202793948,0.0028582243668233763,0.0021728080574875577,0.0037744820171456746,0.014866968013356663,0.06258549699514712,0.0029648943421828294,0.006019961664979228,0.002439402869822247,0.006229111087770208,0.02734660484115175,0.012874940700645475,0.007541602545174531,0.0021444670343106144,0.009328306666223257,0.009026846916516737,0.012297596718319532,0.0006790239234278418
71,0.00639582409244194,0.005458503637000085,0.004515396794924731,0.006511829644318606,0.006794295335007544,0.00504054128140042,0.0020694389821824576,0.0011886846824885854,0.009145257185041335,0.005665776076454165,0.0005484888709002655,0.0018854136257952013,0.000486499646939926,0.0017074676870030632,0.004300245828082274,0.0009982718161466154,0.001071260793570423,0.002857686984127603,0.004047840367950014,0.011475027786353594,0.0038297092799871773,0.003412473677493263,0.0014938957222730828,0.007480090355480632,0.002755715391909818,0.002112882927279015,0.0036714919446360797,0.014701419675107819,0.06230258540093868,0.002884742451036083,0.005768930230084692,0.0023853743102865725,0.006231943584684936,0.02667008082036546,0.012627394021240178,0.007884688418862001,0.00207351768375352,0.008970291549569912,0.008799749214150662,0.012016756986804636,0.0006630327958377126
72,0.005899133724151316,0.005123100142335823,0.0044136599624980425,0.006212386857620404,0.00644230980393461,0.005152459866195704,0.002026998550874,0.001142286957401528,0.009406434206079036,0.005505204705397182,0.000537950888670841,0.0018280388860605755,0.00047415851033018373,0.0016581503455475048,0.004190464291081641,0.0009762264156112355,0.001043833399868929,0.0027896489887190967,0.0039391045645782215,0.01118003026248309,0.003720705909919202,0.0033197021187652376,0.001458309483879279,0.007289449407750037,0.002658881377081608,0.0020557091918396307,0.003572015143045677,0.014501343336180908,0.06184536569919319,0.0028070666119655355,0.005604925804961967,0.002333431233835415,0.006194058100833703,0.025961269541561062,0.01226041813895145,0.008064318252115756,0.0020001879804722256,0.008628635353941892,0.00856186971324583,0.011719710060230173,0.0006476619547454667
73,0.005824636879712847,0.0049550945012160315,0.004335300237837939,0.005911138727000234,0.006157380013916839,0.0052205980035455925,0.0019776101403506086,0.001098087155340701,0.009631743207753342,0.00535111443954868,0.0005277865269622272,0.0017769227244963783,0.00046229989690479604,0.0016112358398374254,0.004085031163832121,0.0009550464569970232,0.001017738476418859,0.0027241743315681117,0.0038350132607314134,0.010896202900956104,0.003617050478910531,0.0032311140155994846,0.0014240050408048494,0.007107244171704516,0.002567330296761071,0.0020011194462797475,0.003475875972733276,0.014272159454499573,0.06124225071594566,0.002731832899547596,0.005478515986859115,0.0022834433834381857,0.006117928664895654,0.025209960894910694,0.011800921125599986,0.008060263770864488,0.0019254923740414805,0.00830288400380183,0.008315391435777938,0.011412100033716297,0.0006328794512582381
74,0.005787777867137831,0.004792083512731403,0.00425246688793961,0.005601159585432322,0.006076237426427505,0.0052449278120315765,0.00209996664039732,0.0010560681226610827,0.009811953950807138,0.005203212995520217,0.0005179718646388299,0.0017271658422046265,0.00045089161650922684,0.001566565181675609,0.003983763363643818,0.0009346846988547782,0.000992720286091148,0.002661152031970533,0.0037353152568581583,0.010623104024883978,0.003518381120821129,0.003146467562942481,0.001390923343244847,0.006932907685765448,0.0024806996623707445,0.0019489599306936661,0.0033829188580708058,0.014020462384352924,0.0605162998744351,0.0026590028772160855,0.005358231721319596,0.002235293083488396,0.006007555061116789,0.024416588005645487,0.011262271980162171,0.007871941473242551,0.0018508328907030033,0.007992550730329374,0.008062400421816489,0.011098290467128964,0.0006186553296377022
75,0.005808704179073227,0.00463422909206657,0.004137010190779678,0.00528641340441943,0.005985640422076852,0.005225723523902293,0.0021784730358316256,0.0010161916991663026,0.00993957963997707,0.005061219220520456,0.0005084856497419503,0.0016867274496965743,0.0004399051365339002,0.001523991653431355,0.00388648094656361,0.0009150970073333682,0.0009687167278076868,0.0026004748321991145,0.003639773896459728,0.010360300794056056,0.0034243655877702972,0.0030655352693593624,0.0013590088745562782,0.006765924158215307,0.0023986544210983472,0.0018990888105454532,0.0032930054576310163,0.013750845461359516,0.05967359420449799,0.002588533847670208,0.005242732733140574,0.0021888736333577205,0.005867907569933186,0.023574604432890525,0.010686762858104985,0.007517288217463917,0.0017758018504176508,0.00769712226438434,0.007804856912811525,0.010781608723746294,0.000604961484546457
76,0.005725343755927157,0.004481779164403494,0.003971094593671846,0.004970212802978163,0.00588619166962801,0.005164982113344966,0.002217212645385103,0.0009785686309804755,0.010008353539435726,0.004924863088301484,0.0004993089175670355,0.0016566737160927183,0.0004293151003137692,0.0014833798459572686,0.003793008090841591,0.0008962421409151019,0.0009456701963739393,0.002542039352576922,0.0035481663829560004,0.010107370486209341,0.003334698570515442,0.002988103501496645,0.0013282093315792494,0.006605968147277604,0.0023208849443608444,0.001851374766764096,0.0032060120093900025,0.013464871067453428,0.05873168002610029,0.0025203792113653667,0.005130969378652038,0.002144087933715031,0.005704450659152033,0.022706687136149754,0.010082588517224229,0.0070242957141428254,0.001700989360639463,0.007416064938155319,0.007544575838579432,0.010464561005075524,0.0005917715296188326
77,0.005543007878690499,0.004335069485959033,0.003764229944228265,0.004656184744582209,0.005779870974038726,0.005071263494674639,0.002220214184881244,0.0009430450914696673,0.01001655832712538,0.004793899163541874,0.0004904246643283336,0.0016269506297135082,0.00041909889803993676,0.0014446047569451146,0.0037031738517993382,0.0008780815480110846,0.0009235272176633037,0.0024857461831437094,0.003460283084650163,0.009863901568397972,0.003249099267543445,0.0029139719279380333,0.001298475349068957,0.006453715518232924,0.002247105118863547,0.001805695834023807,0.003121826928276364,0.01316602149505267,0.05772127469760281,0.0024544888949438954,0.005022519223554767,0.0021008473106265265,0.005527339162856679,0.021799258297088567,0.009463619452404719,0.006430645020818727,0.0016269051431483184,0.007148830514085878,0.007283214975677492,0.010149015827736375,0.0005790606763727941
78,0.005306641185608869,0.004193671658863917,0.0035264468313667787,0.004347910261475584,0.005667445256766918,0.005023178684622123,0.002189903270799749,0.0009094607514458751,0.010023878369247417,0.004668370706715692,0.0004818175691977917,0.0015975893734272225,0.00040923628842556294,0.0014075509503997928,0.0036168127228555355,0.0008609428375686241,0.0009022381123905429,0.0024322175369644035,0.0033759268393158785,0.009629494560215106,0.0031673091814824372,0.0028429528980069892,0.0012697602609328398,0.006307452224562515,0.0021770505475824245,0.00176193843713869,0.0030403486911667306,0.012857377688378331,0.05663965192676631,0.002390809819323739,0.004916444560834278,0.0020590705076494026,0.005336994349338131,0.020875213649799,0.008848167510852241,0.005776810523597738,0.0015539828952605928,0.0068948616168094945,0.007022269309235859,0.009836356387803492,0.0005668056225972579
79,0.005063535991584425,0.004057564993638687,0.00326769447547533,0.004047586639870735,0.0055499945627731926,0.004953540979428361,0.0021272449421890593,0.0008777323297689535,0.01052105731452778,0.004547730947218476,0.00047347375812964085,0.0016260824009561802,0.00039970906803334875,0.0013721117764557379,0.003533765033557505,0.0008444767707378013,0.00088175668702673,0.002380899075992108,0.0032949122673107387,0.009403762698683336,0.0030890901226151204,0.0027748707829420368,0.0012420198921337462,0.006166823044011457,0.0021104768637971267,0.001719996585094894,0.0029614840162591237,0.012543454662232136,0.055499655606640455,0.002329286383823352,0.004812233901627977,0.002018682820479957,0.005137914209002088,0.01995655106044584,0.008252322150711556,0.005278241292986878,0.001537496066338936,0.0066535966894433205,0.006763070305790509,0.009527603961969312,0.0005549844494023514
